names,scores,logfoldchanges,pvals,pvals_adj,pct_nz_group,mean_expr_Emx1_Control (for_DEGs),mean_expr_Emx1_Mutant (for_DEGs)
Nrgn,-4.1323156,-1.1389623,3.5912705882201504e-05,0.018016207450904424,0.5915492957746479,1.8214468,1.2097144
Ubb,-4.283285,-1.1615372,1.8415408100887596e-05,0.010393195946938437,0.6126760563380281,1.9228984,1.2839924
Malat1,-4.469152,-0.66449654,7.853034705584205e-06,0.006571150476545768,0.971830985915493,5.625331,5.166845
Fth1,-4.9706135,-1.3034987,6.674142698590204e-07,0.0017888139295610746,0.6901408450704225,2.2919836,1.5268297
