names,scores,logfoldchanges,pvals,pvals_adj,pct_nz_group,mean_expr_Emx1_Control (for_DEGs),mean_expr_Emx1_Mutant (for_DEGs)
Lsamp,4.937233,1.5348089,7.923871227291583e-07,0.0017888139295610746,0.852112676056338,1.6285763,2.5548944
Brinp3,4.585224,2.2894835,4.535001505275796e-06,0.005118882949080055,0.4647887323943662,0.29805684,0.9923561
Adgrl3,4.585224,1.7783856,4.535001505275796e-06,0.005118882949080055,0.5704225352112676,0.5643773,1.2813417
Tcf4,4.4463925,0.8509991,8.732425882452848e-06,0.006571150476545768,0.8943661971830986,2.1146724,2.6492689
Lrrc4c,4.329562,1.1660955,1.4940618313443624e-05,0.009636698812171137,0.7676056338028169,1.2821048,1.9233658
Pcdh7,3.9767942,1.5862192,6.985058388513523e-05,0.03153753862413856,0.5704225352112676,0.82883245,1.584182
Kcnip4,3.8660326,1.2855227,0.00011062015346026272,0.0454045448066442,0.6690140845070423,0.8213528,1.4121069
