names,scores,logfoldchanges,pvals,pvals_adj,pct_nz_group,pct_nz_reference,mean_expr_Control (for_DEGs),mean_expr_Mutant (for_DEGs)
Ralgapb,4.729822,0.7792836,2.2471658995748642e-06,0.007217896869434464,0.8936170212765957,0.7619047619047619,0.65828776,0.9550049
Meg3,4.4680605,0.29253346,7.893192663977348e-06,0.01901470112752143,1.0,0.9904761904761905,4.227911,4.428
