names,scores,logfoldchanges,pvals,pvals_adj,pct_nz_group,pct_nz_reference,mean_expr_Control (for_DEGs),mean_expr_Mutant (for_DEGs)
Plp1,-4.278759,-1.0923127,1.8793814761198424e-05,0.03018286650648467,0.6666666666666666,0.8952380952380953,1.1426536,0.69383204
Calm1,-4.3267636,-0.8352892,1.5131608079858542e-05,0.02916163509150338,0.8156028368794326,0.9619047619047619,1.2843945,0.9018743
Hsp90aa1,-5.0613265,-1.082959,4.1634981384990423e-07,0.0020059734031288388,0.6950354609929078,0.8952380952380953,1.0620072,0.63827753
Malat1,-5.19266,-0.35479188,2.0731058134248098e-07,0.001997644761816147,1.0,1.0,4.957778,4.713812
