names,scores,logfoldchanges,pvals,pvals_adj,pct_nz_group,mean_expr_Nestin_Control (for_DEGs),mean_expr_Nestin_Mutant (for_DEGs)
Naaladl2,4.112406,0.5661548,3.9155731532184993e-05,0.03773437847756668,1.0,1.8003776,2.1376808
Xpo6,4.0235324,0.90592575,5.733165461603519e-05,0.03944594465192142,0.7906976744186046,0.46713763,0.7493704
