names,scores,logfoldchanges,pvals,pvals_adj,pct_nz_group,mean_expr_Emx1_Control (for_DEGs),mean_expr_Emx1_Mutant (for_DEGs)
Meg3,7.6509957,0.454406,1.9942878954937883e-14,1.7832922361505456e-10,1.0,4.21626,4.5272346
Snhg14,6.019271,0.449313,1.7520463206517382e-09,7.833399099633922e-06,1.0,2.6223156,2.9141262
A330076H08Rik,5.1924434,0.60761505,2.0755202608925111e-07,0.00046398255432252087,0.976878612716763,1.5833188,1.931309
Kcnq1ot1,4.130888,0.49758464,3.61364636571745e-05,0.019007779883673786,0.9826589595375722,1.7638564,2.0574691
Usp34,4.0829678,0.37182692,4.4464197536600656e-05,0.0205866630892154,0.953757225433526,1.5428983,1.7508445
Sfpq,4.074846,0.65337336,4.604487382960278e-05,0.0205866630892154,0.8786127167630058,0.89567816,1.187551
