"p_val","avg_log2FC","pct.1","pct.2","p_val_adj","peak","direction"
2.26225548053144e-09,-4.12536760938299,0.014,0.183,0.000681561019897111,"chr18-74250327-74252398","Less_Accessible"
2.69657147080908e-08,-3.48111696580333,0.024,0.2,0.00812409569868006,"JH584304.1-101721-103772","Less_Accessible"
5.17827309928899e-08,2.92320601274821,0.448,0.067,0.0156008422798829,"JH584304.1-94187-98323","More_Accessible"
