"seqnames","start","end","width","strand","score","gene","peak","zscore","pvalue","celltype","genotype","qvalue"
"chr9",57497290,57552763,55474,"*",0.210243374105815,"Mpi","chr9-57496285-57498294",3.51757262797102,0.000217756576446771,"CA1","Emx1",0.0074282894155796
"chr11",22462639,22512088,49450,"*",0.221629437779626,"Tmem17","chr11-22461984-22463293",3.22653931664845,0.000626485082209874,"CA1","Emx1",0.0104160379539689
"chr13",41403126,41487320,84195,"*",0.219900913483153,"Nedd9","chr13-41402223-41404028",3.20703200028088,0.000670560383302721,"CA1","Emx1",0.0104160379539689
"chr19",5579777,5610094,30318,"*",0.221262380632307,"Kat5","chr19-5579223-5580331",3.71374042419721,0.000102109133165704,"CA1","Emx1",0.0074282894155796
