"p_val","avg_log2FC","pct.1","pct.2","p_val_adj","peak","direction"
4.30047885142289e-23,-5.04130593328628,0.013,0.362,1.29562676596243e-17,"chr10-67347947-67349393","Less_Accessible"
1.20566168218917e-15,-4.79073878673076,0.01,0.25,3.63235723301541e-10,"chr18-74250327-74252398","Less_Accessible"
2.19104249963425e-09,-3.98726493681013,0.01,0.162,0.000660106329077309,"chr17-81289046-81290683","Less_Accessible"
3.45322182751966e-09,3.31367903816513,0.396,0.038,0.00104036940608599,"JH584304.1-94187-98323","More_Accessible"
4.08083995212743e-08,-3.49187206697913,0.017,0.162,0.0122945505657719,"chr4-152262072-152263242","Less_Accessible"
8.62123067690802e-08,-3.42007745117033,0.013,0.15,0.0259736127218546,"chr2-136354430-136355254","Less_Accessible"
