"seqnames","start","end","width","strand","score","gene","peak","zscore","pvalue","celltype","genotype","qvalue"
"chr15",85530942,85581142,50201,"*",0.22651667134244,"AU022754","chr15-85529754-85532129",2.97137844826638,0.00148233102135984,"CTX","Emx1",0.0104610217793109
"chr17",80057452,80127471,70020,"*",0.20001786896757,"Galm","chr17-80056659-80058245",3.91829752944492,4.45882952520867e-05,"CTX","Emx1",0.0021579952874097
