"p_val","avg_log2FC","pct.1","pct.2","p_val_adj","peak","direction"
7.62036308613388e-14,-3.62813194597678,0.019,0.191,2.29582488877499e-08,"chr18-74250327-74252398","Less_Accessible"
1.72904859224624e-12,-3.85073631863696,0.011,0.147,5.20919114628987e-07,"chr10-63539413-63539591","Less_Accessible"
2.59354948100105e-10,-3.33856607298781,0.015,0.147,7.8137161988859e-05,"chr5-43778650-43779751","Less_Accessible"
5.84703233464131e-10,4.72902002176922,0.413,0.015,0.000176156466661906,"JH584304.1-94187-98323","More_Accessible"
1.92071347157793e-08,-3.40701525857101,0.012,0.118,0.00578662951149641,"chr1-39337954-39340592","Less_Accessible"
1.92071347157793e-08,-3.37836755090124,0.012,0.118,0.00578662951149641,"chr7-66645011-66645359","Less_Accessible"
8.36000475379689e-08,-3.12621448480878,0.014,0.118,0.0251866043220016,"chr2-18211605-18214674","Less_Accessible"
1.65246270652785e-07,-3.2980022435289,0.011,0.103,0.0497845701909178,"chr3-58024152-58025584","Less_Accessible"
