"seqnames","start","end","width","strand","score","gene","peak","zscore","pvalue","celltype","genotype","qvalue"
"chr5",67847066,67859054,11989,"*",0.221227345172321,"Gm15477","chr5-67858830-67859278",4.97195466921045,3.31406026743906e-07,"ENT CTX","Emx1",5.85573973963191e-06
"chr5",108115489,108132914,17426,"*",0.202870425896558,"Ccdc18","chr5-108114757-108116221",4.8123971824922,7.45653000968919e-07,"ENT CTX","Emx1",1.15866058483204e-05
"chr9",112227579,112274960,47382,"*",0.226372476183964,"2310075C17Rik","chr9-112273045-112276874",6.45012597152604,5.58786094757209e-11,"ENT CTX","Emx1",5.42022511914493e-09
"chr13",97735343,97747411,12069,"*",0.209918646706567,"5330416C01Rik","chr13-97734663-97736023",6.08285517387476,5.90304917546764e-10,"ENT CTX","Emx1",2.86297885010181e-08
"chr15",99306478,99370482,64005,"*",0.279379499634174,"Fmnl3","chr15-99305873-99307083",8.7501211461268,1.06561913739039e-18,"ENT CTX","Emx1",3.10095168980604e-16
"chr15",103366416,103366763,348,"*",0.216062808882055,"Itga5","chr15-103366319-103366512",7.19822977252972,3.04996455786445e-13,"ENT CTX","Emx1",4.43769843169278e-11
"chr17",84187947,84240664,52718,"*",0.206898408872137,"Zfp36l2","chr17-84239903-84241424",6.27078137740489,1.79620362307659e-10,"ENT CTX","Emx1",1.04539050863058e-08
"chr19",4036533,4097182,60650,"*",0.21590406138675,"Cdk2ap2","chr19-4035948-4037118",5.42130803696393,2.95822540056409e-08,"ENT CTX","Emx1",7.82585083240137e-07
