"p_val","avg_log2FC","pct.1","pct.2","p_val_adj","peak","direction"
3.69461480583026e-19,-4.34344284361043,0.023,0.407,1.11309507562651e-13,"chr10-67347947-67349393","Less_Accessible"
5.04594300425961e-19,5.25255551698349,0.638,0.012,1.52021647860831e-13,"chr10-76468170-76468918","More_Accessible"
1.62615612432991e-16,3.69714363812192,0.615,0.049,4.89920186357494e-11,"JH584304.1-94187-98323","More_Accessible"
8.38687908295533e-11,-2.55610329280613,0.069,0.358,2.52675699571737e-05,"JH584304.1-77-7270","Less_Accessible"
6.68790027278452e-09,-3.92483611269441,0.014,0.198,0.00201489715468316,"chr18-74250327-74252398","Less_Accessible"
