"seqnames","start","end","width","strand","score","gene","peak","zscore","pvalue","celltype","genotype","qvalue"
"chr2",177832727,177897096,64370,"*",0.212559385426747,"Gm14327","chr2-177832635-177832819",3.9698118042848,3.59647111787961e-05,"Mature GC","Emx1",0.00209494442616487
"chr5",121385632,121452486,66855,"*",0.21837129514426,"Trafd1","chr5-121451865-121453107",3.77087944684249,8.13366243596415e-05,"Mature GC","Emx1",0.0027073476393995
"chr8",69226343,69291237,64895,"*",0.253069971882488,"Zfp930","chr8-69290185-69292288",5.23738144772598,8.14354260415457e-08,"Mature GC","Emx1",1.89744542676801e-05
"chr9",74992557,75037614,45058,"*",0.2007310473744,"Arpp19","chr9-74991713-74993400",2.78040260647537,0.00271457711679503,"Mature GC","Emx1",0.0236323122404327
"chr11",100173046,100193246,20201,"*",0.22109049728403,"Krt9","chr11-100172424-100173668",4.4780640760512,3.76614975682144e-06,"Mature GC","Emx1",0.000292504297779799
"chr11",115273615,115277050,3436,"*",0.312881291455031,"Fdxr","chr11-115272423-115274806",4.9248831255891,4.22053952245495e-07,"Mature GC","Emx1",4.91692854366002e-05
