"seqnames","start","end","width","strand","score","gene","peak","zscore","pvalue","celltype","genotype","qvalue"
"chr7",72225628,72306595,80968,"*",0.212149415478298,"Mctp2","chr7-72225591-72225664",7.06963123642766,7.76729786574173e-13,"Microglia","Nestin",7.81390165293618e-11
"chr19",5740904,5829831,88928,"*",0.258900726672903,"Ltbp3","chr19-5829159-5830502",9.23360838689144,1.30832556428077e-20,"Microglia","Nestin",6.58087758833227e-18
