"seqnames","start","end","width","strand","score","gene","peak","zscore","pvalue","celltype","genotype","qvalue"
"chr7",45072919,45154584,81666,"*",0.257076700944504,"Aldh16a1","chr7-45072867-45072971",8.57391871315126,5.00110186253193e-18,"MOL","Nestin",1.98543743942518e-15
"chr15",83555711,83650312,94602,"*",0.21563657943609,"Mcat","chr15-83650072-83650552",6.87003514076506,3.20930454773493e-12,"MOL","Nestin",5.71372620820131e-10
