"seqnames","start","end","width","strand","score","gene","peak","zscore","pvalue","celltype","genotype","qvalue"
"chr7",45783738,45846180,62443,"*",0.298172479536987,"Lmtk3","chr7-45846055-45846305",1.9348641367323,0.0265034850579804,"PV","Nestin",0.0348120533804077
"chr9",69387506,69397906,10401,"*",0.220156855173429,"Ice2","chr9-69386917-69388094",2.08257660166089,0.0186449169196045,"PV","Nestin",0.0348120533804077
"chr9",108298650,108306129,7480,"*",0.203330746375383,"Rhoa","chr9-108298564-108298735",1.93912268881759,0.026243200287922,"PV","Nestin",0.0348120533804077
"chr14",46872720,46882854,10135,"*",0.261017918124525,"Samd4","chr14-46871333-46874106",1.83774841117304,0.0330497433266605,"PV","Nestin",0.0363547176593265
