"p_val","avg_log2FC","pct.1","pct.2","p_val_adj","peak","direction"
6.10411570644038e-26,4.06195108496128,0.287,0.013,1.83901745945783e-20,"JH584304.1-94187-98323","More_Accessible"
3.85904887234085e-09,3.03751205834501,0.118,0.011,0.00116263494901449,"chr15-85361825-85365557","More_Accessible"
9.93576887970643e-08,-3.35756656106837,0.029,0.225,0.0299339876923355,"chr18-74250327-74252398","Less_Accessible"
