"seqnames","start","end","width","strand","score","gene","peak","zscore","pvalue","celltype","genotype","qvalue"
"chr10",76442912,76448608,5697,"*",0.231171824543592,"Pcnt","chr10-76448387-76448829",5.78052695671741,3.72335022019674e-09,"rest","Emx1",1.86167511009837e-08
"chr16",17406314,17436795,30482,"*",0.202921714474479,"Pi4ka","chr16-17435964-17437626",2.14915711791667,0.0158109736325534,"rest","Emx1",0.0363300147789422
