"p_val","avg_log2FC","pct.1","pct.2","p_val_adj","peak","direction"
8.72230110652123e-51,3.11477532362669,0.274,0.033,2.62781126586718e-45,"JH584304.1-101721-103772","More_Accessible"
6.6394506691453e-13,2.16645475772309,0.112,0.027,2.00030050034675e-07,"chr2-128174541-128175942","More_Accessible"
