"p_val","avg_log2FC","pct.1","pct.2","p_val_adj","peak","direction"
6.09016757999277e-10,5.31282106277399,0.676,0.026,0.000183481523766232,"chr7-49133825-49135351","More_Accessible"
4.98588153707398e-08,3.01593066167588,0.662,0.105,0.0150212146008196,"JH584304.1-101721-103772","More_Accessible"
