"p_val","avg_log2FC","pct.1","pct.2","p_val_adj","peak","direction"
5.89998377915151e-12,5.95816005986842,0.712,0.023,1.77751761306387e-06,"chr7-49133825-49135351","More_Accessible"
1.68134784649725e-09,3.2537860533715,0.682,0.091,0.000506548072453459,"JH584304.1-101721-103772","More_Accessible"
7.56230043976665e-08,-5.26744597901508,0.015,0.409,0.022783320649907,"chr15-102640884-102645083","Less_Accessible"
