names,scores,logfoldchanges,pvals,pvals_adj,pct_nz_group,mean_expr_Emx1_Control (for_DEGs),mean_expr_Emx1_Mutant (for_DEGs)
Brinp3,4.858669,2.4945254,1.1817769947631759e-06,0.002826810571473517,0.5714285714285714,0.31658956,1.1310326
Lrrc4c,4.577048,1.2702842,4.7158337838375894e-06,0.007098358473250538,0.9047619047619048,1.3785712,2.099494
