names,scores,logfoldchanges,pvals,pvals_adj,pct_nz_group,mean_expr_Emx1_Control (for_DEGs),mean_expr_Emx1_Mutant (for_DEGs)
Tubb4a,-4.2669806,-1.2560183,1.9813629833061947e-05,0.01895768102427367,0.5833333333333334,1.8073819,1.142005
Fth1,-4.528689,-1.3535168,5.93508233549376e-06,0.007098358473250538,0.7023809523809523,2.1677566,1.3933747
Malat1,-5.0720177,-0.46521908,3.9361972841846357e-07,0.0018830767807539298,1.0,6.3808575,6.059038
