names,scores,logfoldchanges,pvals,pvals_adj,pct_nz_group,pct_nz_reference,mean_expr_Control (for_DEGs),mean_expr_Mutant (for_DEGs)
Calm1,-4.640872,-1.1539174,3.469423452083257e-06,0.016410372928353806,0.7622377622377622,1.0,1.389137,0.8558297
Malat1,-4.8843937,-0.48654065,1.0374749149894294e-06,0.009814512695800004,1.0,1.0,5.275877,4.9406796
