"seqnames","start","end","width","strand","score","gene","peak","zscore","pvalue","celltype","genotype"
"chr5",143528036,143567595,39560,"*",0.133917731839205,"Rac1","chr5-143567137-143568053",1.69339571601056,0.0451900848900321,"Immature GC","Nestin"
"chr5",143528036,143597837,69802,"*",0.145512315055399,"Rac1","chr5-143597727-143597947",1.89578135631691,0.0289944810760706,"Immature GC","Nestin"
"chr5",143528036,143567595,39560,"*",0.121784409859704,"Rac1","chr5-143567137-143568053",2.54229523527842,0.00550635537480105,"Mature GC","Nestin"
