"seqnames","start","end","width","strand","score","gene","peak","zscore","pvalue","celltype","genotype"
"chr16",11929469,11984113,54645,"*",0.115112513179904,"Shisa9","chr16-11928810-11930127",2.10881567463241,0.0174802475442702,"Mature GC","Nestin"
"chr16",11984113,12007785,23673,"*",-0.106755285289113,"Shisa9","chr16-12007711-12007858",-1.82717406402118,0.0338368010766308,"Mature GC","Nestin"
"chr16",11984113,12019797,35685,"*",0.124401134279513,"Shisa9","chr16-12019167-12020427",2.18697218301777,0.0143722773690522,"Mature GC","Nestin"
"chr16",11984113,12044633,60521,"*",-0.111480433430202,"Shisa9","chr16-12043553-12045713",-2.3116870973863,0.0103974664687777,"Mature GC","Nestin"
