names,scores,logfoldchanges,pvals,pvals_adj,pct_nz_group,pct_nz_reference,mean_expr_Control (for_DEGs),mean_expr_Mutant (for_DEGs)
C130071C03Rik,4.618357,0.510848,3.867897679365501e-06,0.007011724913153781,0.9638157894736842,0.9142857142857143,1.4948314,1.7797033
Naaladl2,4.1570787,0.6098419,3.223428352185064e-05,0.029217154584205422,0.9342105263157895,0.8571428571428571,1.3443352,1.6728715
