names,scores,logfoldchanges,pvals,pvals_adj,pct_nz_group,mean_expr_Emx1_Control (for_DEGs),mean_expr_Emx1_Mutant (for_DEGs)
Gm48091,-3.8971965,-1.7741163,9.731266665593871e-05,0.04636692480190595,0.17901234567901234,0.3857168,0.12893032
Hcn1,-3.9909241,-0.43908164,6.58163286849496e-05,0.03470770007781248,0.9876543209876543,3.0385842,2.7511342
Gm55122,-4.2318044,-1.2869213,2.318241198795884e-05,0.014990741123356528,0.3888888888888889,0.59645164,0.2883914
Malat1,-4.714502,-0.47787917,2.4230291438218886e-06,0.002741960354877445,1.0,5.5268626,5.1971803
Nrgn,-4.7847977,-0.9641045,1.7115979963415294e-06,0.002213585237268552,0.6666666666666666,1.0591593,0.6758501
ENSMUSG00000095041,-5.000371,-1.2320799,5.722005834588482e-07,0.0008633553136754923,0.6604938271604939,1.3173666,0.7718164
Slc25a3,-5.0181794,-0.88900584,5.216345346034811e-07,0.0008633553136754923,0.7962962962962963,1.3741395,0.95314807
Las1l,-5.37247,-1.1474116,7.766535682729043e-08,0.00022654985713335918,0.654320987654321,1.2058119,0.720819
