names,scores,logfoldchanges,pvals,pvals_adj,pct_nz_group,mean_expr_Emx1_Control (for_DEGs),mean_expr_Emx1_Mutant (for_DEGs)
Meg3,6.3022485,0.33840668,2.9335837570097876e-10,2.655773375220961e-06,1.0,4.3729115,4.6048365
Snhg14,5.9554563,0.39558193,2.5934751920605494e-09,1.1739365456862078e-05,1.0,2.87788,3.1384933
Kcnq1ot1,5.3265433,0.63357216,1.0009935143415848e-07,0.00022654985713335918,0.9938271604938271,1.8700247,2.2528489
Herc1,4.582346,0.43338022,4.5978886281437875e-06,0.004624965083398411,0.9506172839506173,1.5575106,1.8016951
Ttc14,4.4595623,0.5886706,8.212712383322885e-06,0.007434968520622207,0.9444444444444444,1.2548143,1.5624417
Sorbs1,4.383643,0.5169403,1.1671093107036643e-05,0.008818885992395373,0.9691358024691358,1.510938,1.800478
Ubash3b,4.3658347,0.8912206,1.2663815078000645e-05,0.008818885992395373,0.845679012345679,0.88926667,1.2970502
Huwe1,4.0724673,0.52319854,4.6517747988097156e-05,0.028075011502416237,0.9320987654320988,1.1594969,1.4218855
A230057D06Rik,4.045286,0.36163187,5.225924070056754e-05,0.02956893162888987,0.9876543209876543,2.3026645,2.53091
