names,scores,logfoldchanges,pvals,pvals_adj,pct_nz_group,mean_expr_Nestin_Control (for_DEGs),mean_expr_Nestin_Mutant (for_DEGs)
Adgrb3,5.115493,0.33015245,3.1292261141323955e-07,0.0004871683522018451,1.0,3.5458152,3.7687416
Naaladl2,4.482184,0.595864,7.388297273494706e-06,0.005578881725078104,0.991304347826087,1.7854347,2.140033
Cacnb4,4.3841405,0.5812506,1.1644463970121804e-05,0.007251395862993851,1.0,2.065509,2.425459
Adcy2,3.8594744,0.63975215,0.00011363111761052751,0.03423962159999798,1.0,1.9255046,2.3153107
Syt1,3.851525,0.30772278,0.00011738454090819074,0.03426528114448155,1.0,3.3920622,3.5988762
Gm28307,3.8144274,1.5160139,0.00013649904877766612,0.036429646132347976,0.591304347826087,0.20284788,0.49662963
Nyap2,3.7216835,0.96548736,0.00019789902676864898,0.045087190464535375,0.782608695652174,0.52096426,0.84800303
