names,scores,logfoldchanges,pvals,pvals_adj,pct_nz_group,pct_nz_reference,mean_expr_Cluster_TH Prkcd Grin2c Glut (for_DEGs),mean_expr_Rest (for_DEGs)
Ntng1,5.0846395,4.591127,3.6832523045828646e-07,0.009896898942414158,1.0,0.5702671728386218,3.6407743,0.9322153
Synpo2,4.570054,7.1824636,4.875985763211744e-06,0.04355275090374578,0.8888888888888888,0.0642504118616145,1.9617176,0.041212894
Lef1,4.5290995,6.460401,5.923554852900634e-06,0.04355275090374578,0.8888888888888888,0.04036243822075782,1.5015391,0.038851853
Kcnip4,4.509977,2.2874594,6.483476130070082e-06,0.04355275090374578,1.0,0.9528328916266743,5.263938,3.6982875
