names,scores,logfoldchanges,pvals,pvals_adj,pct_nz_group,pct_nz_reference,mean_expr_Cluster_SCig Foxb1 Glut (for_DEGs),mean_expr_Rest (for_DEGs)
Naaladl2,4.000115,1.6919584,6.331179188949092e-05,0.021606172861559768,0.8666666666666667,0.8630176243014759,2.6857708,1.6545672
Lars2,3.6889038,2.0314546,0.00022522241410554217,0.03261817208237976,0.8,0.79724888952572,2.3127432,1.1713802
