names,scores,logfoldchanges,pvals,pvals_adj,pct_nz_group,pct_nz_reference,mean_expr_Control (for_DEGs),mean_expr_Mutant (for_DEGs)
Meg3,5.8373003,0.32596567,5.305344155972141e-09,4.885160898819148e-05,1.0,1.0,4.3757973,4.599195
Snhg14,4.7451706,0.35982466,2.0833069453166676e-06,0.006394363450825291,1.0,0.98989898989899,2.5693755,2.8017375
Carmil1,4.359666,0.81914055,1.3026127877496419e-05,0.023458699714847032,0.8372093023255814,0.696969696969697,0.6636558,0.9790054
Bltp1,4.1809974,0.56477827,2.9023307264191538e-05,0.029694068143186186,0.9476744186046512,0.8888888888888888,1.1297487,1.4106606
