names,scores,logfoldchanges,pvals,pvals_adj,pct_nz_group,pct_nz_reference,mean_expr_Control (for_DEGs),mean_expr_Mutant (for_DEGs)
Kcnmb2,4.6810684,0.9506445,2.8538352751684785e-06,0.00994276209868698,0.9146341463414634,0.890625,1.5271826,2.0754168
Mir99ahg,4.3146267,0.491067,1.598726939275154e-05,0.01392491164108659,0.9939024390243902,0.984375,2.7078247,3.0287817
Naaladl2,4.1995554,1.0120448,2.674397505034666e-05,0.02070577979453506,0.8963414634146342,0.765625,1.3306195,1.8891051
