"p_val","avg_log2FC","pct.1","pct.2","p_val_adj","peak","direction"
1.62796549983451e-16,-5.35562008099559,0.012,0.438,4.90465305962642e-11,"chr18-74250327-74252398","Less_Accessible"
1.03104178621425e-12,-5.13743321705507,0.012,0.344,3.10627114141698e-07,"chr4-152262072-152263242","Less_Accessible"
