"seqnames","start","end","width","strand","score","gene","peak","zscore","pvalue","celltype","genotype","qvalue"
"chr1",139264890,139454773,189884,"*",0.221396730206588,"Aspm","chr1-139264852-139264927",14.0555656315371,3.56053324505898e-45,"Excitatory","Nestin",6.85616281668557e-42
"chr14",7583752,7749945,166194,"*",0.204313205708214,"Gm16741","chr14-7583423-7584081",9.28035449852213,8.4457809134843e-21,"Excitatory","Nestin",2.54112433234459e-18
"chr19",4169566,4225532,55967,"*",0.21026223224377,"Gm17552","chr19-4225161-4225903",8.91825856944687,2.3683872057725e-19,"Excitatory","Nestin",5.70070800429441e-17
