"seqnames","start","end","width","strand","score","gene","peak","zscore","pvalue","celltype","genotype","qvalue"
"chr7",35084495,35119293,34799,"*",0.231512204163054,"Cebpa","chr7-35084163-35084826",12.345532316553,2.57462663355433e-35,"Excitatory","Emx1",1.22294765093831e-33
"chr10",128706258,128797001,90744,"*",0.208432171709582,"Pmel","chr10-128796785-128797217",10.7460668643403,3.09213843058435e-27,"Excitatory","Emx1",7.34382877263783e-26
"chr11",75330129,75422701,92573,"*",0.214480421310417,"Serpinf1","chr11-75329839-75330419",12.8858676454432,2.70320195908966e-38,"Excitatory","Emx1",2.56804186113518e-36
