"seqnames","start","end","width","strand","score","gene","peak","zscore","pvalue","celltype","genotype","qvalue"
"chr2",30291051,30323986,32936,"*",0.218717855970523,"Gm14471","chr2-30289096-30293005",4.54184564710842,2.78819323579817e-06,"GABA","Emx1",0.000220267265628055
"chr8",41775952,41827267,51316,"*",0.217391506344188,"2810404M03Rik","chr8-41774894-41777009",4.6638544812301,1.55170437461661e-06,"GABA","Emx1",0.00015323080699339
"chr9",79718831,79797208,78378,"*",0.213373625903453,"Col12a1","chr9-79796554-79797862",3.96440085581654,3.67902597350734e-05,"GABA","Emx1",0.000854832505609058
"chr9",119894863,119910384,15522,"*",0.21944314673803,"Gm2449","chr9-119909243-119911524",3.89477979302947,4.91439901878743e-05,"GABA","Emx1",0.000970593806210517
"chr11",79468241,79530609,62369,"*",0.207532553665805,"Evi2a","chr11-79467625-79468856",4.45202930412274,4.25312769118184e-06,"GABA","Emx1",0.000279997573002804
"chr13",54590090,54595228,5139,"*",0.236889126219306,"Nop16","chr13-54594528-54595928",4.41129581983962,5.13769105436488e-06,"GABA","Emx1",0.000289912566639161
"chr17",35176068,35269784,93717,"*",0.306938712332966,"Aif1","chr17-35268609-35270958",8.45603503002854,1.38311269572639e-17,"GABA","Emx1",5.46329514811924e-15
"chr17",48346401,48411476,65076,"*",0.203019697837281,"Trem2","chr17-48411087-48411864",3.58227574984642,0.00017030698671854,"GABA","Emx1",0.00177029630931114
