"p_val","avg_log2FC","pct.1","pct.2","p_val_adj","peak","direction"
8.7498922374638e-20,-4.77945395300187,0.01,0.25,2.63612378384191e-14,"chr16-5688399-5689790","Less_Accessible"
1.14126045739959e-10,-3.88018521739184,0.012,0.167,3.43833244303062e-05,"chr4-132664681-132667010","Less_Accessible"
1.2128172783796e-09,-3.85474755191023,0.01,0.146,0.000365391525543813,"chr5-125416162-125418309","Less_Accessible"
1.39018981435387e-08,-3.0973224626056,0.025,0.188,0.00418829436319461,"chr13-15776545-15778836","Less_Accessible"
6.32981609426753e-08,-3.82862112077141,0.01,0.125,0.0190701534380045,"chr11-35166016-35167409","Less_Accessible"
7.07091230379739e-08,-3.79590301206623,0.01,0.125,0.0213028910432656,"chr16-34887371-34887722","Less_Accessible"
7.39030888221216e-08,-3.72911473218222,0.01,0.125,0.0222651530848847,"chr17-81289046-81290683","Less_Accessible"
