"seqnames","start","end","width","strand","score","gene","peak","zscore","pvalue","celltype","genotype","qvalue"
"chr3",122419780,122600994,181215,"*",0.210886027511403,"Bcar3","chr3-122600635-122601352",4.53432433097583,2.88940871138218e-06,"Immune","Nestin",0.00032159213642744
"chr7",72225628,72306595,80968,"*",0.212149415478298,"Mctp2","chr7-72225591-72225664",6.69937560983765,1.04655975644193e-11,"Immune","Nestin",1.66933046041166e-08
"chr9",37505301,37657312,152012,"*",0.246644257131694,"Tbrg1","chr9-37505008-37505594",6.98321232792939,1.44252933633061e-12,"Immune","Nestin",3.63264950121456e-09
"chr19",5740904,5829831,88928,"*",0.258900726672903,"Ltbp3","chr19-5829159-5830502",8.56532588359316,5.38853020293641e-18,"Immune","Nestin",5.42786647341785e-14
