"p_val","avg_log2FC","pct.1","pct.2","p_val_adj","peak","direction"
5.92177616501719e-13,-4.39922698306685,0.02,0.421,1.78408311411555e-07,"chr4-152262072-152263242","Less_Accessible"
