"seqnames","start","end","width","strand","score","gene","peak","zscore","pvalue","celltype","genotype","qvalue"
"chr2",120404113,120491054,86942,"*",0.221545388254647,"Tmem87a","chr2-120490866-120491242",2.4670978704312,0.00681065608472938,"Oligo","Emx1",0.0267631975106408
"chr6",137252299,137256737,4439,"*",0.200896702642989,"Ptpro","chr6-137256617-137256857",1.92608899968667,0.0270466309660335,"Oligo","Emx1",0.0437228010021009
"chr7",79185399,79273201,87803,"*",0.318326135510475,"Abhd2","chr7-79184185-79186613",2.916073399052,0.00177233550154218,"Oligo","Emx1",0.0177233550154218
"chr11",119846646,119942763,96118,"*",0.253111466740786,"Baiap2","chr11-119846507-119846784",4.02448278438754,2.85503354021983e-05,"Oligo","Emx1",0.00114201341608793
"chr13",81711417,81781182,69766,"*",0.205687617770147,"Mblac2","chr13-81780820-81781543",2.00371835336333,0.0225501195565607,"Oligo","Emx1",0.0437228010021009
