"p_val","avg_log2FC","pct.1","pct.2","p_val_adj","peak","direction"
6.50222347903768e-13,3.6764930852208,0.186,0.013,1.95895737864708e-07,"JH584304.1-94187-98323","More_Accessible"
