"p_val","avg_log2FC","pct.1","pct.2","p_val_adj","peak","direction"
3.05758430284469e-44,3.01225230079433,0.263,0.035,9.21173710839535e-39,"JH584304.1-101721-103772","More_Accessible"
4.466826748401e-12,2.27451932363032,0.1,0.022,1.34574322862451e-06,"chr2-128174541-128175942","More_Accessible"
