names,scores,logfoldchanges,pvals,pvals_adj,pct_nz_group,pct_nz_reference,mean_expr_Control (for_DEGs),mean_expr_Mutant (for_DEGs)
Rplp1,3.9205966,0.6778399,8.83300551990679e-05,0.010795194603257511,0.7285067873303167,0.6839080459770115,1.3859451,1.757338
Cfh,3.385625,1.0708991,0.0007101639128760728,0.045852469997394736,0.4796380090497738,0.367816091954023,0.6150557,1.024293
Rps8,3.3806546,0.7447282,0.0007231341501549227,0.04625355255757282,0.6334841628959276,0.5344827586206896,1.0031683,1.3593614
