names,scores,logfoldchanges,pvals,pvals_adj,pct_nz_group,mean_expr_Emx1_Control (for_DEGs),mean_expr_Emx1_Mutant (for_DEGs)
Kcnq1ot1,5.617104,0.6196832,1.9418467931136962e-08,5.008022879440223e-05,0.8981481481481481,1.6554853,2.0159938
Meg3,4.850033,0.47358015,1.234410005995291e-06,0.0018191676602639173,0.9537037037037037,3.4126885,3.7316847
Kmt2e,4.602426,0.7949144,4.175980505577593e-06,0.005182968675736378,0.8981481481481481,0.940019,1.3101186
Unc80,4.5858335,0.42779675,4.521783451107736e-06,0.005182968675736378,0.8981481481481481,1.5160694,1.7546033
Vps13a,4.358648,0.6525764,1.3086841660329922e-05,0.013500385856796346,0.8981481481481481,1.0378646,1.352218
Myt1l,4.313977,0.58322984,1.603439051647682e-05,0.015037342960724988,0.9351851851851852,1.6532608,1.9917543
A330076H08Rik,4.248884,0.6388782,2.1483804691139247e-05,0.017048225322599423,0.8796296296296297,1.0478418,1.3566049
A830082K12Rik,4.0025535,0.84705913,6.266250177115246e-05,0.03927531158618066,0.8425925925925926,0.70878446,1.0492575
