names,scores,logfoldchanges,pvals,pvals_adj,pct_nz_group,pct_nz_reference,mean_expr_Control (for_DEGs),mean_expr_Mutant (for_DEGs)
Pcdh9,5.513515,0.59193975,3.5173707459338526e-08,0.0001535662049645171,1.0,1.0,4.9893837,5.3973904
Brinp3,4.9130764,1.707405,8.965825126110385e-07,0.0022480312199534107,0.7833333333333333,0.5526315789473685,0.6655307,1.408012
Ralyl,4.3498917,1.1053102,1.3620485092944653e-05,0.020490657773825936,0.85,0.8289473684210527,1.2831124,1.8886839
Sox2ot,4.1701984,0.5800045,3.043346595520134e-05,0.025930867561761172,0.9833333333333333,0.9868421052631579,2.2629,2.6298761
Erbb4,4.1636243,0.71284395,3.132355207715144e-05,0.025930867561761172,1.0,1.0,2.8937647,3.3660476
Naaladl2,4.1241794,0.67923474,3.720589353252088e-05,0.025930867561761172,0.9666666666666667,0.9736842105263158,2.1646836,2.5914345
Tmeff2,4.1197968,0.54192084,3.7920705022517e-05,0.025930867561761172,1.0,1.0,3.8139532,4.1826506
Il1rapl1,4.0058446,0.6835583,6.179622940563632e-05,0.0357562490453228,1.0,0.9868421052631579,2.5523496,2.9963186
