names,scores,logfoldchanges,pvals,pvals_adj,pct_nz_group,pct_nz_reference,mean_expr_Control (for_DEGs),mean_expr_Mutant (for_DEGs)
Hsp90aa1,-4.047481,-1.3839366,5.17717847078181e-05,0.032452280381017315,0.5333333333333333,0.9473684210526315,1.4660875,0.82278186
Calm1,-4.1658154,-1.501855,3.102414364677329e-05,0.025930867561761172,0.45,0.881578947368421,1.3454648,0.6945417
Map1b,-4.260045,-1.5818546,2.0438578270376472e-05,0.025623164291628638,0.4,0.8421052631578947,1.2046145,0.5767088
Camk2a,-4.7070866,-1.8750213,2.512820302673846e-06,0.004725358579178167,0.26666666666666666,0.7631578947368421,0.9730427,0.37068918
Malat1,-5.4872184,-0.5353499,4.083121642236562e-08,0.0001535662049645171,1.0,1.0,5.7833657,5.4136715
