Gene_Set,Score_Type,N_Cells,Mean_Score,Std_Score,Median_Score,Min_Score,Max_Score,N_Up_Genes,N_Down_Genes
Hippocampal migration (neurons),aggregate,28026,-0.08135652430694693,0.1455769569820509,-0.08776174440150272,-0.8057615400511154,0.6250944474297447,10,26
Migration (cell autonomous),aggregate,28026,-0.10440775689858924,0.12895477505062924,-0.10691013228705432,-0.6178935002219392,0.5933288410111168,21,45
Migration (non cell autonomous),aggregate,28026,0.03545904042546692,0.1594375896569636,0.03491493275322245,-0.7993707962832732,0.8266294999153467,9,21
Axonal guidance (cell-autonomous),aggregate,28026,0.029442663020103822,0.03655339422035282,0.032128745127781855,-0.17901502257947638,0.165871368194845,92,101
Apoptosis,aggregate,28026,-0.08017715749614143,0.07480562819713571,-0.08308488822219415,-0.6247826825904218,0.3774187063355502,36,31
