names,scores,logfoldchanges,pvals,pvals_adj,pct_nz_group,pct_nz_reference,mean_expr_Control (for_DEGs),mean_expr_Mutant (for_DEGs)
Meg3,5.8603544,0.37905544,4.61879946909295e-09,1.4600025121802817e-05,1.0,1.0,4.192487,4.451731
Ralgapb,4.2962847,0.6587755,1.736846579351885e-05,0.010294072569996204,0.8679245283018868,0.7924528301886793,0.6840848,0.9361939
Ptprn2,4.0296073,0.27844352,5.587011545332416e-05,0.022075679368494708,1.0,1.0,2.3726463,2.549149
Tenm4,3.881544,0.40636495,0.00010379530065437384,0.037857339850208734,0.9811320754716981,0.9716981132075472,1.6960607,1.9316642
Sv2b,3.8545492,0.50443435,0.00011594305579380928,0.04006264302807312,0.9811320754716981,0.9433962264150944,1.3301424,1.5985509
Xpo6,3.8087397,0.77883154,0.00013967693628294504,0.04166707643911339,0.7484276729559748,0.6509433962264151,0.4666186,0.70318043
Cacnb4,3.7531137,0.4151803,0.00017465157709116796,0.0459462520634379,1.0,0.9716981132075472,2.1267061,2.384218
