names,scores,logfoldchanges,pvals,pvals_adj,pct_nz_group,pct_nz_reference,mean_expr_Cluster_NTS Phox2b Glut (for_DEGs),mean_expr_Rest (for_DEGs)
Atp1b1,4.6335983,2.4629793,3.593640648590851e-06,0.0007485358467258618,0.8333333333333334,0.8601726793966968,2.9999094,1.4954292
Tmsb4x,4.5033855,3.1199071,6.687933615581015e-06,0.0009467915769109192,0.8333333333333334,0.7215276036255508,2.8864965,1.0809646
Hsp90ab1,4.424068,2.6496868,9.685947655038913e-06,0.0011723487094184486,0.8333333333333334,0.8093361516139433,2.6975183,1.1650017
Hspa8,4.2028265,3.1928809,2.636024481571759e-05,0.001892708614795859,0.7777777777777778,0.6712284598574141,2.5742729,0.8439769
Camk1d,3.423613,0.80624306,0.0006179455841561791,0.014877793549880752,0.8333333333333334,0.954071579550747,2.8401213,2.324076
Cst3,3.394576,2.6083848,0.0006873492386993187,0.01596460372594367,0.7222222222222222,0.5867875183606205,2.145347,0.80524945
mt-Co3,2.9689658,2.4479983,0.0029880397753897295,0.044894004307744914,0.6666666666666666,0.6080320997384732,2.0106385,0.7817879
