names,scores,logfoldchanges,pvals,pvals_adj,pct_nz_group,pct_nz_reference,mean_expr_Cluster_IC Six3 En2 Gaba (for_DEGs),mean_expr_Rest (for_DEGs)
Calm1,3.149976,1.812243,0.0016328391884896484,0.035596274633128734,0.7647058823529411,0.8371426524324712,2.3875983,1.3390393
Hspa8,3.1173596,2.5506592,0.0018247876638177872,0.03863833296042864,0.7058823529411765,0.6712760621910152,2.1714416,0.84428424
