names,scores,logfoldchanges,pvals,pvals_adj,pct_nz_group,pct_nz_reference,mean_expr_Control (for_DEGs),mean_expr_Mutant (for_DEGs)
Mir99ahg,4.9344244,0.41422087,8.038748271586928e-07,0.0035426763632883593,1.0,1.0,2.7589507,3.0301282
Naaladl2,4.5853705,0.7814419,4.5318238619317375e-06,0.013314498506355446,0.9141414141414141,0.8202247191011236,1.2283261,1.6393639
C130071C03Rik,4.253231,0.48962605,2.107081477690231e-05,0.030953026907269494,0.9949494949494949,0.9775280898876404,1.8906981,2.1856613
