names,scores,logfoldchanges,pvals,pvals_adj,pct_nz_group,pct_nz_reference,mean_expr_Control (for_DEGs),mean_expr_Mutant (for_DEGs)
Fth1,-4.2055626,-0.99460673,2.6043338185283676e-05,0.03279228325215576,0.37373737373737376,0.7415730337078652,0.64748394,0.37642708
Cplx1,-4.4346776,-1.2771572,9.221024487033915e-06,0.016254821965743387,0.3484848484848485,0.6741573033707865,0.5764817,0.27894714
Calm1,-4.4423656,-0.8363981,8.897510411057307e-06,0.016254821965743387,0.7727272727272727,0.9550561797752809,1.3045229,0.9179805
Malat1,-5.480302,-0.49288845,4.246009198536344e-08,0.0003742432507589934,1.0,1.0,5.104044,4.7648697
