names,scores,logfoldchanges,pvals,pvals_adj,pct_nz_group,mean_expr_Emx1_Control (for_DEGs),mean_expr_Nestin_Control (for_DEGs)
Naaladl2,6.4740906,3.3885667,9.538477193449933e-11,6.037856063453808e-07,0.7731958762886598,0.5312603,2.1213238
Cmss1,3.9665067,1.8160466,7.293373044495676e-05,0.008394009340301387,0.8144329896907216,1.2819929,2.3192868
Lsamp,3.6942766,1.8257223,0.000220513622602746,0.020833600463811674,0.9896907216494846,2.6911693,3.9067645
Map1b,3.615675,1.110932,0.00029956600076208085,0.026336844233666275,0.8247422680412371,1.7496485,2.4216886
Hsp90aa1,3.5102339,1.3250695,0.0004477128353032611,0.034144846355055936,0.8556701030927835,1.7800219,2.5916536
Zbtb20,3.3722017,1.6430159,0.0007456982321703914,0.04866257535709874,0.8144329896907216,1.3003404,2.2343702
