"seqnames","start","end","width","strand","score","gene","peak","zscore","pvalue","celltype","genotype"
"chr13",54371349,54411869,40521,"*",0.129133216983386,"Cplx2","chr13-54411474-54412263",2.49489393857802,0.00629973919483794,"Excitatory","Nestin"
"chr13",54371349,54466963,95615,"*",0.121744693313439,"Cplx2","chr13-54466304-54467621",1.72040913870416,0.0426790484924993,"Excitatory","Nestin"
