"seqnames","start","end","width","strand","score","gene","peak","zscore","pvalue","celltype","genotype"
"chr7",96094925,96171244,76320,"*",-0.125095936536393,"Tenm4","chr7-96094478-96095371",-2.16010577354019,0.0153822410903915,"Excitatory","Nestin"
"chr7",96171244,96185920,14677,"*",-0.100340552276602,"Tenm4","chr7-96185817-96186023",-3.40314499726427,0.000333074591858655,"Excitatory","Nestin"
