"seqnames","start","end","width","strand","score","gene","peak","zscore","pvalue","celltype","genotype"
"chr9",120561821,120571517,9697,"*",0.125410497271997,"Rpl14","chr9-120561625-120562017",2.27928633061386,0.0113250250337837,"GABA","Nestin"
"chr9",120571517,120664541,93025,"*",0.100791863717118,"Rpl14","chr9-120664289-120664793",1.65799372332637,0.0486593666351403,"GABA","Nestin"
