"seqnames","start","end","width","strand","score","gene","peak","zscore","pvalue","celltype","genotype"
"chr19",44292295,44293676,1382,"*",0.121306553316646,"Scd2","chr19-44290816-44293774",1.6470627774667,0.0497725714891439,"Oligo","Nestin"
"chr19",44293676,44324764,31089,"*",0.127049599253406,"Scd2","chr19-44324249-44325279",1.88447134543631,0.029750623612081,"Oligo","Nestin"
