names,scores,logfoldchanges,pvals,pvals_adj,pct_nz_group,pct_nz_reference,mean_expr_Cluster_OB Dopa-Gaba (for_DEGs),mean_expr_Rest (for_DEGs)
Nxph1,5.5733094,4.139569,2.4994504122918844e-08,0.00025247945393089017,0.8,0.42195226832939153,2.9918976,0.7293131
Gad2,5.4741845,4.1952114,4.3953113834959435e-08,0.00029525504218634,0.72,0.22310614204830503,1.7551266,0.23203984
Lgr5,4.620945,6.6621094,3.819959552016348e-06,0.003539390109057906,0.56,0.05755034759549917,1.5143826,0.034420975
Ccser1,3.80813,0.950699,0.00014002170911464804,0.039191492957402006,0.8,0.8626101913566975,2.868019,2.2606843
Kcnc2,3.716983,2.415743,0.0002016159648423179,0.046302743378744286,0.68,0.6037411309395829,2.3805184,1.043298
