names,scores,logfoldchanges,pvals,pvals_adj,pct_nz_group,mean_expr_Nestin_Control (for_DEGs),mean_expr_Nestin_Mutant (for_DEGs)
Naaladl2,5.7910824,0.6323289,6.993431083167878e-09,3.150540702967129e-05,0.9940476190476191,1.7835604,2.1603749
Cacnb4,4.542701,0.49135074,5.553811440652563e-06,0.003335989405351973,1.0,2.1031384,2.4078467
Gm28307,4.290676,1.6840607,1.781299106712895e-05,0.007642621405468182,0.5357142857142857,0.18022181,0.49138224
Spred2,4.1779695,0.65890074,2.9412294508245667e-05,0.011041865563303895,0.9166666666666666,0.87831074,1.1697589
Etv5,4.0026484,0.9218596,6.263738315945206e-05,0.015676745062962863,0.7023809523809523,0.42838827,0.6997125
Foxp1,3.7474933,0.36722058,0.00017861070674749535,0.029259681232635146,1.0,1.947729,2.1696973
Adgrb3,3.7420144,0.26394063,0.00018255107556823172,0.029371164122674424,1.0,3.7077918,3.8866313
