names,scores,logfoldchanges,pvals,pvals_adj,pct_nz_group,pct_nz_reference,mean_expr_Control (for_DEGs),mean_expr_Mutant (for_DEGs)
Leng8,-4.1829553,-0.76403487,2.8774374964962453e-05,0.03805616620366034,0.5335689045936396,0.7569444444444444,0.6589517,0.4377748
Atp1a2,-4.387002,-1.9312805,1.1492368360631288e-05,0.01884635617072817,0.1166077738515901,0.375,0.30260104,0.08860912
Malat1,-4.4110565,-0.26464018,1.0286753192282836e-05,0.01884635617072817,1.0,0.9930555555555556,5.187771,5.0054584
Atp5k,-4.9402504,-1.5036819,7.802230186023137e-07,0.00240776823540674,0.23674911660777384,0.5347222222222222,0.40871385,0.16385838
Nrgn,-5.015731,-0.99589974,5.283218370051032e-07,0.00240776823540674,0.5265017667844523,0.8194444444444444,0.83396244,0.5026314
