names,scores,logfoldchanges,pvals,pvals_adj,pct_nz_group,pct_nz_reference,mean_expr_Control (for_DEGs),mean_expr_Mutant (for_DEGs)
Naaladl2,6.2205186,0.886919,4.955147182459839e-10,4.587475261521319e-06,0.911660777385159,0.8125,1.2032603,1.6696784
Meg3,4.3737307,0.28241873,1.221409991622046e-05,0.01884635617072817,0.9929328621908127,0.9791666666666666,4.4030366,4.596615
