names,scores,logfoldchanges,pvals,pvals_adj,pct_nz_group,mean_expr_Nestin_Control (for_DEGs),mean_expr_Nestin_Mutant (for_DEGs)
Naaladl2,6.7872114,0.90742636,1.1432146365664535e-11,1.0499283222226309e-07,0.9930555555555556,1.5532267,2.0782099
Mir99ahg,4.5395274,0.66749024,5.6380465921653845e-06,0.010355963980489378,0.9930555555555556,1.8382272,2.2401578
Kctd16,4.14541,0.7669679,3.392064677644217e-05,0.031152721999484493,0.9583333333333334,1.5442525,1.9837314
