names,scores,logfoldchanges,pvals,pvals_adj,pct_nz_group,mean_expr_Nestin_Control (for_DEGs),mean_expr_Nestin_Mutant (for_DEGs)
Cmss1,-4.0449486,-0.6542949,5.233462762783067e-05,0.040053435011166406,0.875,1.5998966,1.2560079
Rplp1,-4.0957313,-1.0370342,4.208380902933328e-05,0.035136154738672445,0.3680555555555556,0.55154574,0.30648533
Vamp2,-4.173009,-1.4685996,3.006029360026523e-05,0.030674859602759542,0.19444444444444445,0.3457267,0.13909774
Plp1,-4.286718,-0.8718954,1.8133218629224422e-05,0.020816934986349636,0.5763888888888888,1.0246843,0.6810944
Ccdc88a,-4.369516,-0.5076654,1.2452228897053378e-05,0.01633732431293403,0.9166666666666666,1.6510429,1.3769612
Serinc1,-4.4964724,-1.1141931,6.9090110874297484e-06,0.010575392971159133,0.5069444444444444,0.766533,0.42677006
Tmsb4x,-4.5395274,-1.0434636,5.6380465921653845e-06,0.010355963980489378,0.3958333333333333,0.6085467,0.34106737
Atp1a2,-4.893902,-2.3730567,9.885611077562401e-07,0.003026315071211103,0.11805555555555555,0.41317153,0.09418056
Malat1,-4.921501,-0.43787366,8.588287410703928e-07,0.003026315071211103,1.0,5.1069236,4.805557
