names,scores,logfoldchanges,pvals,pvals_adj,pct_nz_group,pct_nz_reference,mean_expr_Cluster_NLL Gata3 Gly-Gaba (for_DEGs),mean_expr_Rest (for_DEGs)
Atp1b1,4.499799,1.963292,6.8017745631885775e-06,0.0013951426146021151,0.85,0.8601626598832002,2.6741028,1.4955548
Naaladl2,4.2636595,1.9394541,2.011057705178025e-05,0.0024787669971620884,0.8,0.8630647414997671,2.8461685,1.654268
Hsp90aa1,4.0819497,2.434642,4.4659440189682563e-05,0.0037037011046196617,0.8,0.7956719572928236,2.4884715,1.1127088
Rtn1,3.8535366,1.2784091,0.00011642389027414564,0.006526414770143015,0.85,0.9053061516964638,2.6410522,1.8517098
Hspa8,3.624929,2.6040807,0.00028904083003957934,0.011080995344252472,0.75,0.6712407294615026,2.2040577,0.8441182
Camk1d,3.44573,0.98223627,0.0005695192476739107,0.016669915234202592,0.85,0.9540682884884096,2.9552534,2.3239563
