names,scores,logfoldchanges,pvals,pvals_adj,pct_nz_group,mean_expr_Nestin_Control (for_DEGs),mean_expr_Nestin_Mutant (for_DEGs)
Naaladl2,6.048819,0.85803163,1.4591139007255718e-09,1.3053232955890963e-05,1.0,1.5600443,2.055851
Mir99ahg,5.5357003,0.60355383,3.099870141149686e-08,0.00013865719141362544,1.0,2.7326102,3.1284711
Tenm2,4.25133,0.73007756,2.1250498353830094e-05,0.02715813689619486,1.0,3.4853013,3.9791076
Kif1a,4.126985,0.64923644,3.675502310571219e-05,0.0362277140810196,0.8943089430894309,0.8321152,1.110533
C130071C03Rik,3.8893135,0.6015474,0.00010052816705210556,0.04996249902489646,0.991869918699187,1.8379353,2.1991074
