names,scores,logfoldchanges,pvals,pvals_adj,pct_nz_group,pct_nz_reference,mean_expr_Control (for_DEGs),mean_expr_Mutant (for_DEGs)
Ptprd,3.0029106,0.43992984,0.0026741091543324644,0.03063170612357609,0.8461538461538461,0.8983957219251337,2.633638,2.9195182
Tenm2,2.862218,0.55884355,0.004206875388651807,0.04001223301808791,0.7692307692307693,0.8128342245989305,2.106009,2.453493
mt-Atp6,2.7857163,1.7144865,0.005340960187614083,0.04562553135228925,0.4230769230769231,0.2620320855614973,0.4826917,1.110583
Mir99ahg,2.7593365,1.6090809,0.005791888637260835,0.047878988944852485,0.5128205128205128,0.43315508021390375,0.9217589,1.7259183
