names,scores,logfoldchanges,pvals,pvals_adj,pct_nz_group,pct_nz_reference,mean_expr_Cluster_MEA-BST Sox6 Gaba (for_DEGs),mean_expr_Rest (for_DEGs)
Calm1,5.1472588,2.8639061,2.643206097350619e-07,0.007102294783581113,1.0,0.8370051943399606,3.067393,1.3386872
Atp1b1,3.9306796,1.9290602,8.470607951140706e-05,0.02231423878893635,0.875,0.860146874440265,2.6522472,1.4957362
Rtn1,3.841002,1.6518217,0.00012253310192401084,0.025475875344048535,0.9375,0.9052480745119111,2.8834634,1.8516841
