names,scores,logfoldchanges,pvals,pvals_adj,pct_nz_group,mean_expr_Nestin_Control (for_DEGs),mean_expr_Nestin_Mutant (for_DEGs)
mt-Nd2,-4.065558,-1.2747762,4.791770923792016e-05,0.04252043271557624,0.20168067226890757,0.34282243,0.15615012
Mosmo,-4.0701413,-1.1423506,4.698462641400831e-05,0.04252043271557624,0.3697478991596639,0.4645933,0.23736322
Itm2c,-4.082364,-1.2283012,4.457990561275486e-05,0.04252043271557624,0.2857142857142857,0.33523652,0.15699518
Pnisr,-4.119032,-0.6023385,3.8046745707759744e-05,0.04252043271557624,0.8991596638655462,1.1894263,0.9183787
Ghitm,-4.152644,-1.7085115,3.286555377197908e-05,0.04252043271557624,0.14285714285714285,0.22589627,0.074688256
Cox7c,-4.189312,-1.3983735,2.7980131689468083e-05,0.04252043271557624,0.2689075630252101,0.32312858,0.13514513
Clcn2,-4.4826555,-1.4624527,7.371983543127975e-06,0.014391586272894432,0.2773109243697479,0.35976076,0.14593443
Kcnq1ot1,-4.7393312,-0.447785,2.144247450423046e-06,0.005232499840894838,0.9831932773109243,2.1231797,1.8554239
Plp1,-5.0051737,-1.2117358,5.581165295370073e-07,0.0018159251482702426,0.7058823529411765,1.0503318,0.5891457
