names,scores,logfoldchanges,pvals,pvals_adj,pct_nz_group,mean_expr_Nestin_Control (for_DEGs),mean_expr_Nestin_Mutant (for_DEGs)
Naaladl2,5.5582485,0.7968164,2.7249515847944993e-08,0.00026598252419179105,0.9747899159663865,1.4007835,1.8426441
Mir99ahg,5.2679605,0.72704947,1.3794763215238377e-07,0.0006732534187197089,1.0,1.710526,2.1402287
