names,scores,logfoldchanges,pvals,pvals_adj,pct_nz_group,mean_expr_Emx1_Control (for_DEGs),mean_expr_Emx1_Mutant (for_DEGs)
Meg3,6.298391,0.43161672,3.007517912493985e-10,2.802104439070646e-06,1.0,4.274731,4.5703015
Snhg14,5.168349,0.4879679,2.3617138061909917e-07,0.0011002043766140735,1.0,2.5943656,2.9109316
Kcnq1ot1,4.310325,0.5515837,1.6301472570437408e-05,0.013807347267160486,0.991304347826087,1.8259504,2.155748
Sfpq,4.262139,0.76917076,2.0247944733660355e-05,0.015720841756959463,0.9304347826086956,0.9124413,1.2641449
A330076H08Rik,4.130016,0.630552,3.6273833743860745e-05,0.021122706811971908,0.991304347826087,1.5415157,1.899764
Cacna1b,3.8175833,0.5408545,0.00013476530774011322,0.048292629700562875,0.9739130434782609,1.5501305,1.8563712
Agbl4,3.8020394,0.5516673,0.00014350991753321046,0.049521551913219324,0.991304347826087,1.7987624,2.127124
