names,scores,logfoldchanges,pvals,pvals_adj,pct_nz_group,mean_expr_Emx1_Control (for_DEGs),mean_expr_Emx1_Mutant (for_DEGs)
Actb,-4.372369,-1.2692447,1.229057405540157e-05,0.04059576610499139,0.6225165562913907,2.102541,1.3817083
Serf2,-4.698129,-1.5754161,2.625556102450117e-06,0.017344423612785473,0.2847682119205298,1.116033,0.52400786
