names,scores,logfoldchanges,pvals,pvals_adj,pct_nz_group,mean_expr_Nestin_Control (for_DEGs),mean_expr_Nestin_Mutant (for_DEGs)
Mir99ahg,5.483453,0.67304736,4.1710404262940657e-08,0.00018194078339494715,0.9884393063583815,2.2765498,2.7040539
Naaladl2,5.097413,0.7434915,3.4432650070964274e-07,0.001001301464063641,0.9884393063583815,1.6426904,2.0769298
