names,scores,logfoldchanges,pvals,pvals_adj,pct_nz_group,mean_expr_Nestin_Control (for_DEGs),mean_expr_Nestin_Mutant (for_DEGs)
Itm2c,-4.231407,-1.4129142,2.3223402177330387e-05,0.033766826765838386,0.23121387283236994,0.40259996,0.17072493
Sema6a,-4.269917,-1.0873752,1.955457040719628e-05,0.033766826765838386,0.3988439306358382,0.80301327,0.45737475
Plp1,-5.0175753,-1.1859299,5.232772916088099e-07,0.0011412677729988145,0.5838150289017341,1.0514637,0.5979317
Malat1,-5.881703,-0.53055763,4.060672897074171e-09,3.542531035407507e-05,1.0,5.046597,4.6816983
