Gene_set,Term,Overlap,P-value,Adjusted P-value,Old P-value,Old Adjusted P-value,Odds Ratio,Combined Score,Genes
WikiPathways_2024_Mouse,Primary Focal Segmental Glomerulosclerosis FSGS WP2573,2/71,0.0035358456201757,0.0106075368605273,0,0,25.086326402016383,141.60736538066072,PTPRO;CD2AP
WikiPathways_2024_Mouse,GDNF RET Signaling Axis WP4820,1/23,0.0283733377644313,0.0425600066466469,0,0,37.78977272727273,134.6187109177605,ROBO2
WikiPathways_2024_Mouse,mRNA Processing WP310,1/444,0.4297001395713704,0.4297001395713704,0,0,1.8370955605718584,1.5517352145724577,SRPK2
