Gene_set,Term,Overlap,P-value,Adjusted P-value,Old P-value,Old Adjusted P-value,Odds Ratio,Combined Score,Genes
WikiPathways_2024_Mouse,Mecp2 And Associated Rett Syndrome WP2910,3/47,2.6976112848737608e-05,0.00024278501563863847,0,0,61.76962809917355,649.8510040299716,FUT8;CDON;GRIN1
WikiPathways_2024_Mouse,Spinal Cord Injury WP2432,2/99,0.0067564423254116,0.0304039904643524,0,0,17.81981174361273,89.05021124053485,SLIT1;GRIN1
WikiPathways_2024_Mouse,G13 Signaling Pathway WP298,1/38,0.0464596315903414,0.115262525734733,0,0,22.4527027027027,68.91119481281235,IQGAP2
WikiPathways_2024_Mouse,Splicing Factor NOVA Regulated Synaptic Proteins WP1983,1/42,0.0512277892154369,0.115262525734733,0,0,20.258130081300813,60.19648932344668,GRIN1
WikiPathways_2024_Mouse,Dravet Syndrome Scn1a A1783V Point Mutation Model WP5298,1/72,0.0862664748551896,0.132836515945661,0,0,11.68075117370892,28.621510800477843,GRIN1
WikiPathways_2024_Mouse,Alzheimer 39 S Disease WP2075,1/74,0.0885576772971073,0.132836515945661,0,0,11.35958904109589,27.536793634757636,GRIN1
WikiPathways_2024_Mouse,Regulation Of Actin Cytoskeleton WP523,1/150,0.1716500926887488,0.2206929763141056,0,0,5.544183445190156,9.770499067592834,WASF1
WikiPathways_2024_Mouse,GPCRs Non Odorant WP1396,1/266,0.2846136906424749,0.3201904019727842,0,0,3.099056603773585,3.894344224925176,ADGRB2
WikiPathways_2024_Mouse,mRNA Processing WP310,1/444,0.4297001395713704,0.4297001395713704,0,0,1.8370955605718584,1.5517352145724577,HNRNPA2B1
