names,scores,logfoldchanges,pvals,pvals_adj,pct_nz_group,mean_expr_Nestin_Control (for_DEGs),mean_expr_Nestin_Mutant (for_DEGs)
Hsp90ab1,-4.030559,-1.459167,5.56443981283488e-05,0.024097297589464935,0.49019607843137253,1.3273078,0.69702816
Camk2a,-4.0357494,-1.6237441,5.4428262334479756e-05,0.024097297589464935,0.29411764705882354,0.9428225,0.41114885
Sparcl1,-4.0409403,-2.0980918,5.323733743174538e-05,0.024097297589464935,0.2549019607843137,1.0454043,0.35825166
Hsp90aa1,-4.1058235,-1.5088805,4.028768192549825e-05,0.021185565309679865,0.5098039215686274,1.4952521,0.79568106
Fth1,-4.1758976,-1.7111228,2.968131650200196e-05,0.018209487673978203,0.2549019607843137,0.91777384,0.37793413
Gpm6a,-4.2797112,-1.6009531,1.871359700552426e-05,0.016538400291334767,0.5686274509803921,1.6048698,0.83773416
Calm1,-4.622296,-1.7621937,3.7951643523401222e-06,0.0069849999904819954,0.39215686274509803,1.2806567,0.5688216
Malat1,-6.0808754,-0.6228786,1.1952822402217304e-09,8.79966785251238e-06,1.0,5.7702074,5.3401423
