names,scores,logfoldchanges,pvals,pvals_adj,pct_nz_group,mean_expr_Emx1_Control (for_DEGs),mean_expr_Emx1_Mutant (for_DEGs)
Tubb4a,-4.5453568,-1.2858928,5.484234099216191e-06,0.005535785899748823,0.5934065934065934,1.8157461,1.1347263
Fth1,-4.8673635,-1.4616165,1.1309681134625847e-06,0.0016989183160901272,0.6813186813186813,2.1598728,1.3310148
Malat1,-5.4182353,-0.48832998,6.019016489899516e-08,0.0003037797622452286,1.0,6.372388,6.0345926
