names,scores,logfoldchanges,pvals,pvals_adj,pct_nz_group,mean_expr_Emx1_Control (for_DEGs),mean_expr_Emx1_Mutant (for_DEGs)
Brinp3,5.120179,2.573493,3.052455498344108e-07,0.0007702871450071357,0.5824175824175825,0.3192245,1.1751084
Lrrc4c,4.832768,1.33617,1.3464777619101463e-06,0.0016989183160901272,0.9120879120879121,1.39145,2.154851
Lsamp,4.2526226,1.5060524,2.112812867322783e-05,0.017772277568963477,0.8901098901098901,1.50074,2.3886275
Il1rapl1,4.1222234,0.8572877,3.75233312391991e-05,0.02705432182346255,0.9560439560439561,2.397853,2.9504962
Adgrl3,3.933277,1.650381,8.379560990781477e-05,0.04830906303001095,0.6263736263736264,0.5763207,1.2374793
Cdh10,3.9266238,1.128056,8.614653601547426e-05,0.04830906303001095,0.8791208791208791,1.7065123,2.3847733
