names,scores,logfoldchanges,pvals,pvals_adj,pct_nz_group,pct_nz_reference,mean_expr_Cluster_SI-MA-LPO-LHA Skor1 Glut (for_DEGs),mean_expr_Rest (for_DEGs)
Hspa8,3.3538573,2.5118337,0.0007969344712876447,0.0230493349724425,0.7222222222222222,0.6712642854583886,2.1475847,0.84425175
Camk1d,3.2395523,1.0842673,0.0011971756379638996,0.03000756473142722,0.8888888888888888,0.9540357539497725,3.0224166,2.3239582
