names,scores,logfoldchanges,pvals,pvals_adj,pct_nz_group,pct_nz_reference,mean_expr_Cluster_HY GABA (for_DEGs),mean_expr_Rest (for_DEGs)
Hspa8,3.7910266,2.6721435,0.00015002592165277266,0.01139199937513759,0.75,0.6710709566832125,2.2507844,0.8470833
App,3.1833718,0.72899055,0.0014557058902770234,0.04196868805981075,0.75,0.8985822947541335,2.24906,1.8108178
Ubb,3.137969,2.5638232,0.001701228289718325,0.045575278309801986,0.65,0.48248401956933185,1.7728792,0.60248625
