names,scores,logfoldchanges,pvals,pvals_adj,pct_nz_group,mean_expr_Nestin_Control (for_DEGs),mean_expr_Nestin_Mutant (for_DEGs)
Naaladl2,7.9559255,1.0249722,1.7779749296842887e-15,1.5647957356151426e-11,0.9933774834437086,1.5433055,2.1387215
C130071C03Rik,4.7707295,0.5562684,1.8356005083293696e-06,0.003231024014761356,0.9867549668874173,1.7967889,2.1278503
Mir99ahg,4.431621,0.6492693,9.352729657657382e-06,0.011759053388148945,0.9933774834437086,1.8832319,2.2765741
Kctd16,4.178299,0.82025653,2.936973577733891e-05,0.020239154137298872,0.9470198675496688,1.4131159,1.8701326
Gm28307,3.8583665,1.3167748,0.00011414740536749951,0.03879873268025904,0.5695364238410596,0.22653,0.49062356
