names,scores,logfoldchanges,pvals,pvals_adj,pct_nz_group,pct_nz_reference,mean_expr_Cluster_HY Glut (for_DEGs),mean_expr_Rest (for_DEGs)
Hsp90aa1,3.861139,2.625389,0.00011285965448965449,0.04639084773600739,0.8571428571428571,0.7952443857331571,2.6145368,1.1157444
Hsp90ab1,3.8481357,2.5513864,0.00011902016247020279,0.046408282919106716,0.8571428571428571,0.8089542647006319,2.6383774,1.1681589
