names,scores,logfoldchanges,pvals,pvals_adj,pct_nz_group,pct_nz_reference,mean_expr_Control (for_DEGs),mean_expr_Mutant (for_DEGs)
Meg3,5.9784036,0.29891387,2.2533474704986844e-09,2.0320687488957136e-05,1.0,1.0,4.2335324,4.4380074
Foxp1,4.367424,0.32722327,1.257204141144392e-05,0.00872112841910779,0.996268656716418,0.9869281045751634,1.9336399,2.1306663
Cacnb4,4.202121,0.36326572,2.6442597493312085e-05,0.0137066512042365,1.0,0.9869281045751634,2.1251,2.3499544
Snhg14,4.1821346,0.25948462,2.887850664010795e-05,0.0137066512042365,1.0,0.9934640522875817,2.5193942,2.6859133
Gpr158,3.9497936,0.34567887,7.821858914667805e-05,0.02449308758250492,0.9552238805970149,0.954248366013072,1.5182644,1.7100652
Cdh18,3.9481282,0.4638814,7.876464181555142e-05,0.02449308758250492,0.9776119402985075,0.9607843137254902,1.8987668,2.1782568
Dlc1,3.7615893,0.43351257,0.00016883712419294596,0.03625174252314254,0.9701492537313433,0.9738562091503268,1.7245945,1.9777169
Sv2b,3.6483335,0.36429805,0.0002639468100658176,0.047605446663470864,0.9589552238805971,0.9477124183006536,1.3896568,1.5849624
