names,scores,logfoldchanges,pvals,pvals_adj,pct_nz_group,pct_nz_reference,mean_expr_Cluster_DC NN (for_DEGs),mean_expr_Rest (for_DEGs)
Tmsb4x,4.493251,3.147541,7.014415510627019e-06,0.005940370597990081,0.9230769230769231,0.7215058385271151,2.9050422,1.0812793
Psap,4.2835503,3.1412683,1.8393465652394985e-05,0.00772182975572966,0.8461538461538461,0.6245433053943692,2.2610693,0.6800507
Cybb,3.8215897,9.876085,0.00013259417732476185,0.01758890175684132,0.6153846153846154,0.007486209613869189,1.7536613,0.0050691944
Fyb,3.6053178,5.810513,0.0003117712236541343,0.02613821340597698,0.6153846153846154,0.08421090335983954,1.960704,0.103249
Ctss,3.379292,4.3565574,0.000726727997650852,0.040851843717318814,0.6153846153846154,0.1301310982162046,1.404176,0.13973178
Csf1r,3.360713,4.3230195,0.0007774155328764851,0.04251584200768771,0.6153846153846154,0.1271222866967548,1.4852475,0.15757947
Camk1d,3.3440437,1.4089035,0.0008256674697173897,0.04432401089505585,0.9230769230769231,0.9540081667741243,3.2376058,2.323983
